Id,Public Id,Name,Command,Error Return,Issue Id,Issue Name,Status,Timestamp,Created By Id,Created By Name,Creation Date,Modification Date
009cd182-6d80-4c0a-8d28-c3c25887541c,1,Cmd: echo test from MCP,echo test,,,,Success,2026-05-05T22:21:00.000Z,9774352c-d472-4d7f-a38f-6ccf14e98723,Kanishk Nishar,2026-05-05T23:51:56.854Z,2026-05-05T23:51:56.854Z
01230a4d-dfc3-41d9-a719-7ae05301a5f9,11,"[S] Fix GuardRails.ps1:61,72: empty catch replaced with Write-Error",edit GuardRails.ps1: 2 empty catch {} in git check + path resolve replaced,,44f99863-5f40-41a2-8286-d1c69aa7d2d5,Fix Cline HookRuntime.ps1 Syntax Errors — Unblock All Hooks,Success,2026-05-06T03:05:00.000Z,9774352c-d472-4d7f-a38f-6ccf14e98723,Kanishk Nishar,2026-05-06T02:55:12.462Z,2026-05-06T02:55:12.462Z
2630c892-31a3-4e8c-8cf3-4370760b0d38,4,[U] Session: wrote Invoke-FiberyLog.ps1 + hooks,"write_to_file Invoke-FiberyLog.ps1, ExecutionLog.ps1, DoomLoop.ps1",,,,Success,2026-05-06T00:28:00.000Z,9774352c-d472-4d7f-a38f-6ccf14e98723,Kanishk Nishar,2026-05-06T00:29:00.541Z,2026-05-06T00:29:00.541Z
2825bb45-41a6-465a-8b8b-c18a909271ab,3,Cmd: test reasoning,test,,,,Success,2026-05-05T22:22:00.000Z,9774352c-d472-4d7f-a38f-6ccf14e98723,Kanishk Nishar,2026-05-05T23:53:24.967Z,2026-05-05T23:53:24.967Z
4cf382a9-718c-4158-9fc6-d63f06f20c1a,2,Cmd: echo test,echo test,,,,Success,2026-05-05T22:21:00.000Z,9774352c-d472-4d7f-a38f-6ccf14e98723,Kanishk Nishar,2026-05-05T23:52:16.658Z,2026-05-05T23:52:16.658Z
4df95220-c849-431b-ab10-fedebcdaff0d,7,[S] Fix HookRuntime.ps1:57: quoted HOOK CRASH string,edit HookRuntime.ps1 line 57: wrapped HOOK CRASH in quotes,,44f99863-5f40-41a2-8286-d1c69aa7d2d5,Fix Cline HookRuntime.ps1 Syntax Errors — Unblock All Hooks,Success,2026-05-06T03:01:00.000Z,9774352c-d472-4d7f-a38f-6ccf14e98723,Kanishk Nishar,2026-05-06T02:54:47.601Z,2026-05-06T02:54:47.601Z
4ea10022-9101-4939-b809-6133fa9133c7,13,[S] Write-Host refactor: Test-Hooks.ps1 21 calls → Write-Information,edit Test-Hooks.ps1: replaceAll Write-Host → Write-Information + strip -ForegroundColor + add -InformationAction Continue,,44f99863-5f40-41a2-8286-d1c69aa7d2d5,Fix Cline HookRuntime.ps1 Syntax Errors — Unblock All Hooks,Success,2026-05-06T03:10:00.000Z,9774352c-d472-4d7f-a38f-6ccf14e98723,Kanishk Nishar,2026-05-06T02:55:28.671Z,2026-05-06T02:55:28.671Z
60ecb6e8-06d7-4bc5-9e6c-f4c896da874c,15,[S] Write-Host refactor: sync-mcp-configs.ps1 1 call → Write-Information,edit sync-mcp-configs.ps1: 1 Write-Host replaced with Write-Information,,44f99863-5f40-41a2-8286-d1c69aa7d2d5,Fix Cline HookRuntime.ps1 Syntax Errors — Unblock All Hooks,Success,2026-05-06T03:12:00.000Z,9774352c-d472-4d7f-a38f-6ccf14e98723,Kanishk Nishar,2026-05-06T02:55:39.399Z,2026-05-06T02:55:39.399Z
639d35f8-f215-4735-b129-3952e7e5adde,14,[S] Write-Host refactor: lint-hooks.ps1 3 calls → Write-Information,edit lint-hooks.ps1: 3 Write-Host calls replaced with Write-Information -InformationAction Continue,,44f99863-5f40-41a2-8286-d1c69aa7d2d5,Fix Cline HookRuntime.ps1 Syntax Errors — Unblock All Hooks,Success,2026-05-06T03:11:00.000Z,9774352c-d472-4d7f-a38f-6ccf14e98723,Kanishk Nishar,2026-05-06T02:55:34.001Z,2026-05-06T02:55:34.001Z
8ff8b81a-0125-4348-8af4-0df22f90852b,5,[L] Parse error: HookRuntime.ps1:51 unquoted string syntax error,PreToolUse.ps1 dot-sourced HookRuntime.ps1 which had parse error at line 51,ParserError: Missing type name after '['. Line 51,44f99863-5f40-41a2-8286-d1c69aa7d2d5,Fix Cline HookRuntime.ps1 Syntax Errors — Unblock All Hooks,Failed,2026-05-06T02:57:00.000Z,9774352c-d472-4d7f-a38f-6ccf14e98723,Kanishk Nishar,2026-05-06T02:54:37.543Z,2026-05-06T02:54:37.543Z
94886689-3ee3-45f8-97ff-85d954e75e93,23,[S] Chat log audit: Cursor 115KB SQLite store.db + WAL,dir C:\Users\Lance\.cursor\chats\*\*\store.db + store.db-wal + store.db-shm,,44f99863-5f40-41a2-8286-d1c69aa7d2d5,Fix Cline HookRuntime.ps1 Syntax Errors — Unblock All Hooks,Success,2026-05-06T02:55:00.000Z,9774352c-d472-4d7f-a38f-6ccf14e98723,Kanishk Nishar,2026-05-06T02:57:02.716Z,2026-05-06T02:57:02.716Z
97a9c9e5-3408-44aa-bbf5-5f3e00a701af,17,[S] Lint: 96→91→73 — PSScriptAnalyzer progression after fixes,"Invoke-ScriptAnalyzer -Path C:...Hooks -Recurse -Severity Error,Warning,Information",,44f99863-5f40-41a2-8286-d1c69aa7d2d5,Fix Cline HookRuntime.ps1 Syntax Errors — Unblock All Hooks,Success,2026-05-06T03:18:00.000Z,9774352c-d472-4d7f-a38f-6ccf14e98723,Kanishk Nishar,2026-05-06T02:55:56.524Z,2026-05-06T02:55:56.524Z
9e4bdc23-6397-4db2-80e1-122b99976ddc,18,[S] Chat log audit: Gemini Antigravity ~33.8MB protobuf,dir C:\Users\Lance\.gemini\antigravity\conversations\*.pb,,44f99863-5f40-41a2-8286-d1c69aa7d2d5,Fix Cline HookRuntime.ps1 Syntax Errors — Unblock All Hooks,Success,2026-05-06T02:50:00.000Z,9774352c-d472-4d7f-a38f-6ccf14e98723,Kanishk Nishar,2026-05-06T02:56:01.803Z,2026-05-06T02:56:01.803Z
a2506fef-67ec-4697-97ec-ebb01e362223,16,[S] GuardRails: added Write-Host ban pattern \bWrite-Host\b,edit GuardRails.ps1: added @{ P='\bWrite-Host\b' M='Use Write-Information instead' } to banned list,,44f99863-5f40-41a2-8286-d1c69aa7d2d5,Fix Cline HookRuntime.ps1 Syntax Errors — Unblock All Hooks,Success,2026-05-06T03:13:00.000Z,9774352c-d472-4d7f-a38f-6ccf14e98723,Kanishk Nishar,2026-05-06T02:55:44.951Z,2026-05-06T02:55:44.951Z
ace72c2a-cdad-41cd-b13b-3f8217523f64,10,[S] Fix Tracking.ps1: inlined Get-UtcTimestamp + 2 empty catch blocks,edit Tracking.ps1: inline (Get-Date).ToUniversalTime() + replace 2 catch {},,44f99863-5f40-41a2-8286-d1c69aa7d2d5,Fix Cline HookRuntime.ps1 Syntax Errors — Unblock All Hooks,Success,2026-05-06T03:04:00.000Z,9774352c-d472-4d7f-a38f-6ccf14e98723,Kanishk Nishar,2026-05-06T02:55:07.921Z,2026-05-06T02:55:07.921Z
ad6f6c06-69a3-43d5-b210-d2e9638e42c2,12,[S] Fix lang/ps1.ps1:14: empty catch replaced with Write-Error,"edit lang/ps1.ps1 line 14: catch {} to catch { Write-Error ""ps1 formatter: $_"" }",,44f99863-5f40-41a2-8286-d1c69aa7d2d5,Fix Cline HookRuntime.ps1 Syntax Errors — Unblock All Hooks,Success,2026-05-06T03:06:00.000Z,9774352c-d472-4d7f-a38f-6ccf14e98723,Kanishk Nishar,2026-05-06T02:55:17.124Z,2026-05-06T02:55:17.124Z
b914728f-b297-49c9-a660-b29964584a7c,20,[S] Chat log audit: Copilot 11.3MB JSONL + 5x SQLite session DBs,dir C:\Users\Lance\.copilot\session-state\ + C:\Users\Lance\.copilot\logs\,,44f99863-5f40-41a2-8286-d1c69aa7d2d5,Fix Cline HookRuntime.ps1 Syntax Errors — Unblock All Hooks,Success,2026-05-06T02:52:00.000Z,9774352c-d472-4d7f-a38f-6ccf14e98723,Kanishk Nishar,2026-05-06T02:56:13.298Z,2026-05-06T02:56:13.298Z
be08458a-d97b-49c9-b732-29d29ad0fa65,21,[S] Chat log audit: Kilo 31KB prompt-history.jsonl,dir C:\Users\Lance\.local\state\kilo\prompt-history.jsonl,,44f99863-5f40-41a2-8286-d1c69aa7d2d5,Fix Cline HookRuntime.ps1 Syntax Errors — Unblock All Hooks,Success,2026-05-06T02:53:00.000Z,9774352c-d472-4d7f-a38f-6ccf14e98723,Kanishk Nishar,2026-05-06T02:56:53.632Z,2026-05-06T02:56:53.632Z
cd11cd2f-51f1-4177-b7e8-ca95bc88a6b4,6,[S] Fix HookRuntime.ps1:51: quoted Write-HookLog string,edit HookRuntime.ps1 line 51: wrapped in double quotes,,44f99863-5f40-41a2-8286-d1c69aa7d2d5,Fix Cline HookRuntime.ps1 Syntax Errors — Unblock All Hooks,Success,2026-05-06T03:00:00.000Z,9774352c-d472-4d7f-a38f-6ccf14e98723,Kanishk Nishar,2026-05-06T02:54:42.514Z,2026-05-06T02:54:42.514Z
dd513bfe-567e-432d-ad3b-cf305dcd9375,8,[S] Fix HookRuntime.ps1:134: empty catch replaced with Write-Error,edit HookRuntime.ps1 line 134: catch {} to catch { Write-Error },,44f99863-5f40-41a2-8286-d1c69aa7d2d5,Fix Cline HookRuntime.ps1 Syntax Errors — Unblock All Hooks,Success,2026-05-06T03:02:00.000Z,9774352c-d472-4d7f-a38f-6ccf14e98723,Kanishk Nishar,2026-05-06T02:54:52.946Z,2026-05-06T02:54:52.946Z
dd649430-09c3-4e4d-a5b1-7838a434726a,19,[S] Chat log audit: Cline CLI 14MB + tasks 864KB JSON,dir C:\Users\Lance\.cline\data\logs\ + C:\Users\Lance\.cline\data\tasks\,,44f99863-5f40-41a2-8286-d1c69aa7d2d5,Fix Cline HookRuntime.ps1 Syntax Errors — Unblock All Hooks,Success,2026-05-06T02:51:00.000Z,9774352c-d472-4d7f-a38f-6ccf14e98723,Kanishk Nishar,2026-05-06T02:56:07.492Z,2026-05-06T02:56:07.492Z
e8bca297-fb20-4df4-b554-4c79d521d5aa,24,[S] Kilo mirror: /pretool + /posttool + /hook-status + /hooks commands,write .kilo/command/pretool.md posttool.md hook-status.md hooks.md,,44f99863-5f40-41a2-8286-d1c69aa7d2d5,Fix Cline HookRuntime.ps1 Syntax Errors — Unblock All Hooks,Success,2026-05-06T03:20:00.000Z,9774352c-d472-4d7f-a38f-6ccf14e98723,Kanishk Nishar,2026-05-06T02:57:07.265Z,2026-05-06T02:57:07.265Z
f21e564a-fb65-4cdc-9c11-92f0fbeae17a,9,[S] Fix HookRuntime.ps1:59-60: empty catch in Write-HookCrash,edit HookRuntime.ps1 lines 59-60: 2 empty catch {} replaced with Write-Error,,44f99863-5f40-41a2-8286-d1c69aa7d2d5,Fix Cline HookRuntime.ps1 Syntax Errors — Unblock All Hooks,Success,2026-05-06T03:03:00.000Z,9774352c-d472-4d7f-a38f-6ccf14e98723,Kanishk Nishar,2026-05-06T02:55:03.478Z,2026-05-06T02:55:03.478Z
fcf37e35-342c-4c3b-ac3f-ace241f2a60b,22,[S] Chat log audit: Gemini CLI 1.2MB JSONL sessions,dir C:\Users\Lance\.gemini\tmp\lance\chats\*.jsonl,,44f99863-5f40-41a2-8286-d1c69aa7d2d5,Fix Cline HookRuntime.ps1 Syntax Errors — Unblock All Hooks,Success,2026-05-06T02:54:00.000Z,9774352c-d472-4d7f-a38f-6ccf14e98723,Kanishk Nishar,2026-05-06T02:56:58.040Z,2026-05-06T02:56:58.040Z
